REF_DATE,GEO,DGUID,Age group,Gender,Income source,Statistics,UOM,UOM_ID,SCALAR_FACTOR,SCALAR_ID,VECTOR,COORDINATE,VALUE,STATUS,SYMBOL,TERMINATED,DECIMALS
1976,"Québec, Quebec",2021S0503421,15 years and over,Total - Gender,Total income,Median income (excluding zeros),2024 constant dollars,455,units,0,v107684258,14.1.1.1.5,40000.0,,,,0
1976,"Montréal, Quebec",2021S0503462,15 years and over,Total - Gender,Total income,Median income (excluding zeros),2024 constant dollars,455,units,0,v107686058,15.1.1.1.5,38300.0,,,,0
1976,"Ottawa-Gatineau, Ontario/Quebec",2021S0503505,15 years and over,Total - Gender,Total income,Median income (excluding zeros),2024 constant dollars,455,units,0,v107687858,16.1.1.1.5,48200.0,,,,0
1976,"Toronto, Ontario",2021S0503535,15 years and over,Total - Gender,Total income,Median income (excluding zeros),2024 constant dollars,455,units,0,v107689658,17.1.1.1.5,43200.0,,,,0
1976,"Winnipeg, Manitoba",2021S0503602,15 years and over,Total - Gender,Total income,Median income (excluding zeros),2024 constant dollars,455,units,0,v107691458,18.1.1.1.5,32300.0,,,,0
1976,"Calgary, Alberta",2021S0503825,15 years and over,Total - Gender,Total income,Median income (excluding zeros),2024 constant dollars,455,units,0,v107693258,19.1.1.1.5,43500.0,,,,0
1976,"Edmonton, Alberta",2021S0503835,15 years and over,Total - Gender,Total income,Median income (excluding zeros),2024 constant dollars,455,units,0,v107695058,20.1.1.1.5,45200.0,,,,0
1976,"Vancouver, British Columbia",2021S0503933,15 years and over,Total - Gender,Total income,Median income (excluding zeros),2024 constant dollars,455,units,0,v107696858,21.1.1.1.5,44300.0,,,,0
1977,"Québec, Quebec",2021S0503421,15 years and over,Total - Gender,Total income,Median income (excluding zeros),2024 constant dollars,455,units,0,v107684258,14.1.1.1.5,38100.0,,,,0
1977,"Montréal, Quebec",2021S0503462,15 years and over,Total - Gender,Total income,Median income (excluding zeros),2024 constant dollars,455,units,0,v107686058,15.1.1.1.5,41000.0,,,,0
1977,"Ottawa-Gatineau, Ontario/Quebec",2021S0503505,15 years and over,Total - Gender,Total income,Median income (excluding zeros),2024 constant dollars,455,units,0,v107687858,16.1.1.1.5,47900.0,,,,0
1977,"Toronto, Ontario",2021S0503535,15 years and over,Total - Gender,Total income,Median income (excluding zeros),2024 constant dollars,455,units,0,v107689658,17.1.1.1.5,44300.0,,,,0
1977,"Winnipeg, Manitoba",2021S0503602,15 years and over,Total - Gender,Total income,Median income (excluding zeros),2024 constant dollars,455,units,0,v107691458,18.1.1.1.5,35900.0,,,,0
1977,"Calgary, Alberta",2021S0503825,15 years and over,Total - Gender,Total income,Median income (excluding zeros),2024 constant dollars,455,units,0,v107693258,19.1.1.1.5,43300.0,,,,0
1977,"Edmonton, Alberta",2021S0503835,15 years and over,Total - Gender,Total income,Median income (excluding zeros),2024 constant dollars,455,units,0,v107695058,20.1.1.1.5,42600.0,,,,0
1977,"Vancouver, British Columbia",2021S0503933,15 years and over,Total - Gender,Total income,Median income (excluding zeros),2024 constant dollars,455,units,0,v107696858,21.1.1.1.5,43000.0,,,,0
1978,"Québec, Quebec",2021S0503421,15 years and over,Total - Gender,Total income,Median income (excluding zeros),2024 constant dollars,455,units,0,v107684258,14.1.1.1.5,40400.0,,,,0
1978,"Montréal, Quebec",2021S0503462,15 years and over,Total - Gender,Total income,Median income (excluding zeros),2024 constant dollars,455,units,0,v107686058,15.1.1.1.5,42000.0,,,,0
1978,"Ottawa-Gatineau, Ontario/Quebec",2021S0503505,15 years and over,Total - Gender,Total income,Median income (excluding zeros),2024 constant dollars,455,units,0,v107687858,16.1.1.1.5,45100.0,,,,0
1978,"Toronto, Ontario",2021S0503535,15 years and over,Total - Gender,Total income,Median income (excluding zeros),2024 constant dollars,455,units,0,v107689658,17.1.1.1.5,41300.0,,,,0
1978,"Winnipeg, Manitoba",2021S0503602,15 years and over,Total - Gender,Total income,Median income (excluding zeros),2024 constant dollars,455,units,0,v107691458,18.1.1.1.5,34700.0,,,,0
1978,"Calgary, Alberta",2021S0503825,15 years and over,Total - Gender,Total income,Median income (excluding zeros),2024 constant dollars,455,units,0,v107693258,19.1.1.1.5,46200.0,,,,0
1978,"Edmonton, Alberta",2021S0503835,15 years and over,Total - Gender,Total income,Median income (excluding zeros),2024 constant dollars,455,units,0,v107695058,20.1.1.1.5,44000.0,,,,0
1978,"Vancouver, British Columbia",2021S0503933,15 years and over,Total - Gender,Total income,Median income (excluding zeros),2024 constant dollars,455,units,0,v107696858,21.1.1.1.5,46000.0,,,,0
1979,"Québec, Quebec",2021S0503421,15 years and over,Total - Gender,Total income,Median income (excluding zeros),2024 constant dollars,455,units,0,v107684258,14.1.1.1.5,41600.0,,,,0
1979,"Montréal, Quebec",2021S0503462,15 years and over,Total - Gender,Total income,Median income (excluding zeros),2024 constant dollars,455,units,0,v107686058,15.1.1.1.5,40200.0,,,,0
1979,"Ottawa-Gatineau, Ontario/Quebec",2021S0503505,15 years and over,Total - Gender,Total income,Median income (excluding zeros),2024 constant dollars,455,units,0,v107687858,16.1.1.1.5,40200.0,,,,0
1979,"Toronto, Ontario",2021S0503535,15 years and over,Total - Gender,Total income,Median income (excluding zeros),2024 constant dollars,455,units,0,v107689658,17.1.1.1.5,42600.0,,,,0
1979,"Winnipeg, Manitoba",2021S0503602,15 years and over,Total - Gender,Total income,Median income (excluding zeros),2024 constant dollars,455,units,0,v107691458,18.1.1.1.5,36200.0,,,,0
1979,"Calgary, Alberta",2021S0503825,15 years and over,Total - Gender,Total income,Median income (excluding zeros),2024 constant dollars,455,units,0,v107693258,19.1.1.1.5,45400.0,,,,0
1979,"Edmonton, Alberta",2021S0503835,15 years and over,Total - Gender,Total income,Median income (excluding zeros),2024 constant dollars,455,units,0,v107695058,20.1.1.1.5,42900.0,,,,0
1979,"Vancouver, British Columbia",2021S0503933,15 years and over,Total - Gender,Total income,Median income (excluding zeros),2024 constant dollars,455,units,0,v107696858,21.1.1.1.5,42400.0,,,,0
1980,"Québec, Quebec",2021S0503421,15 years and over,Total - Gender,Total income,Median income (excluding zeros),2024 constant dollars,455,units,0,v107684258,14.1.1.1.5,36700.0,,,,0
1980,"Montréal, Quebec",2021S0503462,15 years and over,Total - Gender,Total income,Median income (excluding zeros),2024 constant dollars,455,units,0,v107686058,15.1.1.1.5,37900.0,,,,0
1980,"Ottawa-Gatineau, Ontario/Quebec",2021S0503505,15 years and over,Total - Gender,Total income,Median income (excluding zeros),2024 constant dollars,455,units,0,v107687858,16.1.1.1.5,46800.0,,,,0
1980,"Toronto, Ontario",2021S0503535,15 years and over,Total - Gender,Total income,Median income (excluding zeros),2024 constant dollars,455,units,0,v107689658,17.1.1.1.5,43500.0,,,,0
1980,"Winnipeg, Manitoba",2021S0503602,15 years and over,Total - Gender,Total income,Median income (excluding zeros),2024 constant dollars,455,units,0,v107691458,18.1.1.1.5,38900.0,,,,0
1980,"Calgary, Alberta",2021S0503825,15 years and over,Total - Gender,Total income,Median income (excluding zeros),2024 constant dollars,455,units,0,v107693258,19.1.1.1.5,47800.0,,,,0
1980,"Edmonton, Alberta",2021S0503835,15 years and over,Total - Gender,Total income,Median income (excluding zeros),2024 constant dollars,455,units,0,v107695058,20.1.1.1.5,44100.0,,,,0
1980,"Vancouver, British Columbia",2021S0503933,15 years and over,Total - Gender,Total income,Median income (excluding zeros),2024 constant dollars,455,units,0,v107696858,21.1.1.1.5,50200.0,,,,0
1981,"Québec, Quebec",2021S0503421,15 years and over,Total - Gender,Total income,Median income (excluding zeros),2024 constant dollars,455,units,0,v107684258,14.1.1.1.5,34900.0,,,,0
1981,"Montréal, Quebec",2021S0503462,15 years and over,Total - Gender,Total income,Median income (excluding zeros),2024 constant dollars,455,units,0,v107686058,15.1.1.1.5,39400.0,,,,0
1981,"Ottawa-Gatineau, Ontario/Quebec",2021S0503505,15 years and over,Total - Gender,Total income,Median income (excluding zeros),2024 constant dollars,455,units,0,v107687858,16.1.1.1.5,45200.0,,,,0
1981,"Toronto, Ontario",2021S0503535,15 years and over,Total - Gender,Total income,Median income (excluding zeros),2024 constant dollars,455,units,0,v107689658,17.1.1.1.5,43200.0,,,,0
1981,"Winnipeg, Manitoba",2021S0503602,15 years and over,Total - Gender,Total income,Median income (excluding zeros),2024 constant dollars,455,units,0,v107691458,18.1.1.1.5,37000.0,,,,0
1981,"Calgary, Alberta",2021S0503825,15 years and over,Total - Gender,Total income,Median income (excluding zeros),2024 constant dollars,455,units,0,v107693258,19.1.1.1.5,47900.0,,,,0
1981,"Edmonton, Alberta",2021S0503835,15 years and over,Total - Gender,Total income,Median income (excluding zeros),2024 constant dollars,455,units,0,v107695058,20.1.1.1.5,48600.0,,,,0
1981,"Vancouver, British Columbia",2021S0503933,15 years and over,Total - Gender,Total income,Median income (excluding zeros),2024 constant dollars,455,units,0,v107696858,21.1.1.1.5,43400.0,,,,0
1982,"Québec, Quebec",2021S0503421,15 years and over,Total - Gender,Total income,Median income (excluding zeros),2024 constant dollars,455,units,0,v107684258,14.1.1.1.5,30900.0,,,,0
1982,"Montréal, Quebec",2021S0503462,15 years and over,Total - Gender,Total income,Median income (excluding zeros),2024 constant dollars,455,units,0,v107686058,15.1.1.1.5,36300.0,,,,0
1982,"Ottawa-Gatineau, Ontario/Quebec",2021S0503505,15 years and over,Total - Gender,Total income,Median income (excluding zeros),2024 constant dollars,455,units,0,v107687858,16.1.1.1.5,44500.0,,,,0
1982,"Toronto, Ontario",2021S0503535,15 years and over,Total - Gender,Total income,Median income (excluding zeros),2024 constant dollars,455,units,0,v107689658,17.1.1.1.5,40700.0,,,,0
1982,"Winnipeg, Manitoba",2021S0503602,15 years and over,Total - Gender,Total income,Median income (excluding zeros),2024 constant dollars,455,units,0,v107691458,18.1.1.1.5,34600.0,,,,0
1982,"Calgary, Alberta",2021S0503825,15 years and over,Total - Gender,Total income,Median income (excluding zeros),2024 constant dollars,455,units,0,v107693258,19.1.1.1.5,49700.0,,,,0
1982,"Edmonton, Alberta",2021S0503835,15 years and over,Total - Gender,Total income,Median income (excluding zeros),2024 constant dollars,455,units,0,v107695058,20.1.1.1.5,45300.0,,,,0
1982,"Vancouver, British Columbia",2021S0503933,15 years and over,Total - Gender,Total income,Median income (excluding zeros),2024 constant dollars,455,units,0,v107696858,21.1.1.1.5,43300.0,,,,0
1983,"Québec, Quebec",2021S0503421,15 years and over,Total - Gender,Total income,Median income (excluding zeros),2024 constant dollars,455,units,0,v107684258,14.1.1.1.5,33700.0,,,,0
1983,"Montréal, Quebec",2021S0503462,15 years and over,Total - Gender,Total income,Median income (excluding zeros),2024 constant dollars,455,units,0,v107686058,15.1.1.1.5,34200.0,,,,0
1983,"Ottawa-Gatineau, Ontario/Quebec",2021S0503505,15 years and over,Total - Gender,Total income,Median income (excluding zeros),2024 constant dollars,455,units,0,v107687858,16.1.1.1.5,39900.0,,,,0
1983,"Toronto, Ontario",2021S0503535,15 years and over,Total - Gender,Total income,Median income (excluding zeros),2024 constant dollars,455,units,0,v107689658,17.1.1.1.5,38700.0,,,,0
1983,"Winnipeg, Manitoba",2021S0503602,15 years and over,Total - Gender,Total income,Median income (excluding zeros),2024 constant dollars,455,units,0,v107691458,18.1.1.1.5,36400.0,,,,0
1983,"Calgary, Alberta",2021S0503825,15 years and over,Total - Gender,Total income,Median income (excluding zeros),2024 constant dollars,455,units,0,v107693258,19.1.1.1.5,41600.0,,,,0
1983,"Edmonton, Alberta",2021S0503835,15 years and over,Total - Gender,Total income,Median income (excluding zeros),2024 constant dollars,455,units,0,v107695058,20.1.1.1.5,41500.0,,,,0
1983,"Vancouver, British Columbia",2021S0503933,15 years and over,Total - Gender,Total income,Median income (excluding zeros),2024 constant dollars,455,units,0,v107696858,21.1.1.1.5,42800.0,,,,0
1984,"Québec, Quebec",2021S0503421,15 years and over,Total - Gender,Total income,Median income (excluding zeros),2024 constant dollars,455,units,0,v107684258,14.1.1.1.5,33800.0,,,,0
1984,"Montréal, Quebec",2021S0503462,15 years and over,Total - Gender,Total income,Median income (excluding zeros),2024 constant dollars,455,units,0,v107686058,15.1.1.1.5,33900.0,,,,0
1984,"Ottawa-Gatineau, Ontario/Quebec",2021S0503505,15 years and over,Total - Gender,Total income,Median income (excluding zeros),2024 constant dollars,455,units,0,v107687858,16.1.1.1.5,42900.0,,,,0
1984,"Toronto, Ontario",2021S0503535,15 years and over,Total - Gender,Total income,Median income (excluding zeros),2024 constant dollars,455,units,0,v107689658,17.1.1.1.5,40400.0,,,,0
1984,"Winnipeg, Manitoba",2021S0503602,15 years and over,Total - Gender,Total income,Median income (excluding zeros),2024 constant dollars,455,units,0,v107691458,18.1.1.1.5,37400.0,,,,0
1984,"Calgary, Alberta",2021S0503825,15 years and over,Total - Gender,Total income,Median income (excluding zeros),2024 constant dollars,455,units,0,v107693258,19.1.1.1.5,40200.0,,,,0
1984,"Edmonton, Alberta",2021S0503835,15 years and over,Total - Gender,Total income,Median income (excluding zeros),2024 constant dollars,455,units,0,v107695058,20.1.1.1.5,39800.0,,,,0
1984,"Vancouver, British Columbia",2021S0503933,15 years and over,Total - Gender,Total income,Median income (excluding zeros),2024 constant dollars,455,units,0,v107696858,21.1.1.1.5,37000.0,,,,0
1985,"Québec, Quebec",2021S0503421,15 years and over,Total - Gender,Total income,Median income (excluding zeros),2024 constant dollars,455,units,0,v107684258,14.1.1.1.5,35900.0,,,,0
1985,"Montréal, Quebec",2021S0503462,15 years and over,Total - Gender,Total income,Median income (excluding zeros),2024 constant dollars,455,units,0,v107686058,15.1.1.1.5,35300.0,,,,0
1985,"Ottawa-Gatineau, Ontario/Quebec",2021S0503505,15 years and over,Total - Gender,Total income,Median income (excluding zeros),2024 constant dollars,455,units,0,v107687858,16.1.1.1.5,40900.0,,,,0
1985,"Toronto, Ontario",2021S0503535,15 years and over,Total - Gender,Total income,Median income (excluding zeros),2024 constant dollars,455,units,0,v107689658,17.1.1.1.5,41300.0,,,,0
1985,"Winnipeg, Manitoba",2021S0503602,15 years and over,Total - Gender,Total income,Median income (excluding zeros),2024 constant dollars,455,units,0,v107691458,18.1.1.1.5,35000.0,,,,0
1985,"Calgary, Alberta",2021S0503825,15 years and over,Total - Gender,Total income,Median income (excluding zeros),2024 constant dollars,455,units,0,v107693258,19.1.1.1.5,45300.0,,,,0
1985,"Edmonton, Alberta",2021S0503835,15 years and over,Total - Gender,Total income,Median income (excluding zeros),2024 constant dollars,455,units,0,v107695058,20.1.1.1.5,39100.0,,,,0
1985,"Vancouver, British Columbia",2021S0503933,15 years and over,Total - Gender,Total income,Median income (excluding zeros),2024 constant dollars,455,units,0,v107696858,21.1.1.1.5,37800.0,,,,0
1986,"Québec, Quebec",2021S0503421,15 years and over,Total - Gender,Total income,Median income (excluding zeros),2024 constant dollars,455,units,0,v107684258,14.1.1.1.5,34600.0,,,,0
1986,"Montréal, Quebec",2021S0503462,15 years and over,Total - Gender,Total income,Median income (excluding zeros),2024 constant dollars,455,units,0,v107686058,15.1.1.1.5,37800.0,,,,0
1986,"Ottawa-Gatineau, Ontario/Quebec",2021S0503505,15 years and over,Total - Gender,Total income,Median income (excluding zeros),2024 constant dollars,455,units,0,v107687858,16.1.1.1.5,48000.0,,,,0
1986,"Toronto, Ontario",2021S0503535,15 years and over,Total - Gender,Total income,Median income (excluding zeros),2024 constant dollars,455,units,0,v107689658,17.1.1.1.5,43500.0,,,,0
1986,"Winnipeg, Manitoba",2021S0503602,15 years and over,Total - Gender,Total income,Median income (excluding zeros),2024 constant dollars,455,units,0,v107691458,18.1.1.1.5,36100.0,,,,0
1986,"Calgary, Alberta",2021S0503825,15 years and over,Total - Gender,Total income,Median income (excluding zeros),2024 constant dollars,455,units,0,v107693258,19.1.1.1.5,43300.0,,,,0
1986,"Edmonton, Alberta",2021S0503835,15 years and over,Total - Gender,Total income,Median income (excluding zeros),2024 constant dollars,455,units,0,v107695058,20.1.1.1.5,41200.0,,,,0
1986,"Vancouver, British Columbia",2021S0503933,15 years and over,Total - Gender,Total income,Median income (excluding zeros),2024 constant dollars,455,units,0,v107696858,21.1.1.1.5,37800.0,,,,0
1987,"Québec, Quebec",2021S0503421,15 years and over,Total - Gender,Total income,Median income (excluding zeros),2024 constant dollars,455,units,0,v107684258,14.1.1.1.5,39600.0,,,,0
1987,"Montréal, Quebec",2021S0503462,15 years and over,Total - Gender,Total income,Median income (excluding zeros),2024 constant dollars,455,units,0,v107686058,15.1.1.1.5,35400.0,,,,0
1987,"Ottawa-Gatineau, Ontario/Quebec",2021S0503505,15 years and over,Total - Gender,Total income,Median income (excluding zeros),2024 constant dollars,455,units,0,v107687858,16.1.1.1.5,45000.0,,,,0
1987,"Toronto, Ontario",2021S0503535,15 years and over,Total - Gender,Total income,Median income (excluding zeros),2024 constant dollars,455,units,0,v107689658,17.1.1.1.5,44500.0,,,,0
1987,"Winnipeg, Manitoba",2021S0503602,15 years and over,Total - Gender,Total income,Median income (excluding zeros),2024 constant dollars,455,units,0,v107691458,18.1.1.1.5,37100.0,,,,0
1987,"Calgary, Alberta",2021S0503825,15 years and over,Total - Gender,Total income,Median income (excluding zeros),2024 constant dollars,455,units,0,v107693258,19.1.1.1.5,39200.0,,,,0
1987,"Edmonton, Alberta",2021S0503835,15 years and over,Total - Gender,Total income,Median income (excluding zeros),2024 constant dollars,455,units,0,v107695058,20.1.1.1.5,38300.0,,,,0
1987,"Vancouver, British Columbia",2021S0503933,15 years and over,Total - Gender,Total income,Median income (excluding zeros),2024 constant dollars,455,units,0,v107696858,21.1.1.1.5,39000.0,,,,0
1988,"Québec, Quebec",2021S0503421,15 years and over,Total - Gender,Total income,Median income (excluding zeros),2024 constant dollars,455,units,0,v107684258,14.1.1.1.5,36100.0,,,,0
1988,"Montréal, Quebec",2021S0503462,15 years and over,Total - Gender,Total income,Median income (excluding zeros),2024 constant dollars,455,units,0,v107686058,15.1.1.1.5,35500.0,,,,0
1988,"Ottawa-Gatineau, Ontario/Quebec",2021S0503505,15 years and over,Total - Gender,Total income,Median income (excluding zeros),2024 constant dollars,455,units,0,v107687858,16.1.1.1.5,50800.0,,,,0
1988,"Toronto, Ontario",2021S0503535,15 years and over,Total - Gender,Total income,Median income (excluding zeros),2024 constant dollars,455,units,0,v107689658,17.1.1.1.5,47100.0,,,,0
1988,"Winnipeg, Manitoba",2021S0503602,15 years and over,Total - Gender,Total income,Median income (excluding zeros),2024 constant dollars,455,units,0,v107691458,18.1.1.1.5,36200.0,,,,0
1988,"Calgary, Alberta",2021S0503825,15 years and over,Total - Gender,Total income,Median income (excluding zeros),2024 constant dollars,455,units,0,v107693258,19.1.1.1.5,43400.0,,,,0
1988,"Edmonton, Alberta",2021S0503835,15 years and over,Total - Gender,Total income,Median income (excluding zeros),2024 constant dollars,455,units,0,v107695058,20.1.1.1.5,40700.0,,,,0
1988,"Vancouver, British Columbia",2021S0503933,15 years and over,Total - Gender,Total income,Median income (excluding zeros),2024 constant dollars,455,units,0,v107696858,21.1.1.1.5,41100.0,,,,0
1989,"Québec, Quebec",2021S0503421,15 years and over,Total - Gender,Total income,Median income (excluding zeros),2024 constant dollars,455,units,0,v107684258,14.1.1.1.5,39500.0,,,,0
1989,"Montréal, Quebec",2021S0503462,15 years and over,Total - Gender,Total income,Median income (excluding zeros),2024 constant dollars,455,units,0,v107686058,15.1.1.1.5,37300.0,,,,0
1989,"Ottawa-Gatineau, Ontario/Quebec",2021S0503505,15 years and over,Total - Gender,Total income,Median income (excluding zeros),2024 constant dollars,455,units,0,v107687858,16.1.1.1.5,51600.0,,,,0
1989,"Toronto, Ontario",2021S0503535,15 years and over,Total - Gender,Total income,Median income (excluding zeros),2024 constant dollars,455,units,0,v107689658,17.1.1.1.5,47300.0,,,,0
1989,"Winnipeg, Manitoba",2021S0503602,15 years and over,Total - Gender,Total income,Median income (excluding zeros),2024 constant dollars,455,units,0,v107691458,18.1.1.1.5,36800.0,,,,0
1989,"Calgary, Alberta",2021S0503825,15 years and over,Total - Gender,Total income,Median income (excluding zeros),2024 constant dollars,455,units,0,v107693258,19.1.1.1.5,43000.0,,,,0
1989,"Edmonton, Alberta",2021S0503835,15 years and over,Total - Gender,Total income,Median income (excluding zeros),2024 constant dollars,455,units,0,v107695058,20.1.1.1.5,40800.0,,,,0
1989,"Vancouver, British Columbia",2021S0503933,15 years and over,Total - Gender,Total income,Median income (excluding zeros),2024 constant dollars,455,units,0,v107696858,21.1.1.1.5,42000.0,,,,0
1990,"Québec, Quebec",2021S0503421,15 years and over,Total - Gender,Total income,Median income (excluding zeros),2024 constant dollars,455,units,0,v107684258,14.1.1.1.5,33200.0,,,,0
1990,"Montréal, Quebec",2021S0503462,15 years and over,Total - Gender,Total income,Median income (excluding zeros),2024 constant dollars,455,units,0,v107686058,15.1.1.1.5,35500.0,,,,0
1990,"Ottawa-Gatineau, Ontario/Quebec",2021S0503505,15 years and over,Total - Gender,Total income,Median income (excluding zeros),2024 constant dollars,455,units,0,v107687858,16.1.1.1.5,50000.0,,,,0
1990,"Toronto, Ontario",2021S0503535,15 years and over,Total - Gender,Total income,Median income (excluding zeros),2024 constant dollars,455,units,0,v107689658,17.1.1.1.5,44300.0,,,,0
1990,"Winnipeg, Manitoba",2021S0503602,15 years and over,Total - Gender,Total income,Median income (excluding zeros),2024 constant dollars,455,units,0,v107691458,18.1.1.1.5,37400.0,,,,0
1990,"Calgary, Alberta",2021S0503825,15 years and over,Total - Gender,Total income,Median income (excluding zeros),2024 constant dollars,455,units,0,v107693258,19.1.1.1.5,40600.0,,,,0
1990,"Edmonton, Alberta",2021S0503835,15 years and over,Total - Gender,Total income,Median income (excluding zeros),2024 constant dollars,455,units,0,v107695058,20.1.1.1.5,40100.0,,,,0
1990,"Vancouver, British Columbia",2021S0503933,15 years and over,Total - Gender,Total income,Median income (excluding zeros),2024 constant dollars,455,units,0,v107696858,21.1.1.1.5,40000.0,,,,0
1991,"Québec, Quebec",2021S0503421,15 years and over,Total - Gender,Total income,Median income (excluding zeros),2024 constant dollars,455,units,0,v107684258,14.1.1.1.5,36900.0,,,,0
1991,"Montréal, Quebec",2021S0503462,15 years and over,Total - Gender,Total income,Median income (excluding zeros),2024 constant dollars,455,units,0,v107686058,15.1.1.1.5,32800.0,,,,0
1991,"Ottawa-Gatineau, Ontario/Quebec",2021S0503505,15 years and over,Total - Gender,Total income,Median income (excluding zeros),2024 constant dollars,455,units,0,v107687858,16.1.1.1.5,46500.0,,,,0
1991,"Toronto, Ontario",2021S0503535,15 years and over,Total - Gender,Total income,Median income (excluding zeros),2024 constant dollars,455,units,0,v107689658,17.1.1.1.5,40700.0,,,,0
1991,"Winnipeg, Manitoba",2021S0503602,15 years and over,Total - Gender,Total income,Median income (excluding zeros),2024 constant dollars,455,units,0,v107691458,18.1.1.1.5,35000.0,,,,0
1991,"Calgary, Alberta",2021S0503825,15 years and over,Total - Gender,Total income,Median income (excluding zeros),2024 constant dollars,455,units,0,v107693258,19.1.1.1.5,38600.0,,,,0
1991,"Edmonton, Alberta",2021S0503835,15 years and over,Total - Gender,Total income,Median income (excluding zeros),2024 constant dollars,455,units,0,v107695058,20.1.1.1.5,39300.0,,,,0
1991,"Vancouver, British Columbia",2021S0503933,15 years and over,Total - Gender,Total income,Median income (excluding zeros),2024 constant dollars,455,units,0,v107696858,21.1.1.1.5,39500.0,,,,0
1992,"Québec, Quebec",2021S0503421,15 years and over,Total - Gender,Total income,Median income (excluding zeros),2024 constant dollars,455,units,0,v107684258,14.1.1.1.5,30300.0,,,,0
1992,"Montréal, Quebec",2021S0503462,15 years and over,Total - Gender,Total income,Median income (excluding zeros),2024 constant dollars,455,units,0,v107686058,15.1.1.1.5,35200.0,,,,0
1992,"Ottawa-Gatineau, Ontario/Quebec",2021S0503505,15 years and over,Total - Gender,Total income,Median income (excluding zeros),2024 constant dollars,455,units,0,v107687858,16.1.1.1.5,45500.0,,,,0
1992,"Toronto, Ontario",2021S0503535,15 years and over,Total - Gender,Total income,Median income (excluding zeros),2024 constant dollars,455,units,0,v107689658,17.1.1.1.5,41700.0,,,,0
1992,"Winnipeg, Manitoba",2021S0503602,15 years and over,Total - Gender,Total income,Median income (excluding zeros),2024 constant dollars,455,units,0,v107691458,18.1.1.1.5,34700.0,,,,0
1992,"Calgary, Alberta",2021S0503825,15 years and over,Total - Gender,Total income,Median income (excluding zeros),2024 constant dollars,455,units,0,v107693258,19.1.1.1.5,37900.0,,,,0
1992,"Edmonton, Alberta",2021S0503835,15 years and over,Total - Gender,Total income,Median income (excluding zeros),2024 constant dollars,455,units,0,v107695058,20.1.1.1.5,38700.0,,,,0
1992,"Vancouver, British Columbia",2021S0503933,15 years and over,Total - Gender,Total income,Median income (excluding zeros),2024 constant dollars,455,units,0,v107696858,21.1.1.1.5,39000.0,,,,0
1993,"Québec, Quebec",2021S0503421,15 years and over,Total - Gender,Total income,Median income (excluding zeros),2024 constant dollars,455,units,0,v107684258,14.1.1.1.5,36000.0,B,,,0
1993,"Montréal, Quebec",2021S0503462,15 years and over,Total - Gender,Total income,Median income (excluding zeros),2024 constant dollars,455,units,0,v107686058,15.1.1.1.5,31800.0,B,,,0
1993,"Ottawa-Gatineau, Ontario/Quebec",2021S0503505,15 years and over,Total - Gender,Total income,Median income (excluding zeros),2024 constant dollars,455,units,0,v107687858,16.1.1.1.5,45500.0,B,,,0
1993,"Toronto, Ontario",2021S0503535,15 years and over,Total - Gender,Total income,Median income (excluding zeros),2024 constant dollars,455,units,0,v107689658,17.1.1.1.5,39500.0,B,,,0
1993,"Winnipeg, Manitoba",2021S0503602,15 years and over,Total - Gender,Total income,Median income (excluding zeros),2024 constant dollars,455,units,0,v107691458,18.1.1.1.5,34900.0,B,,,0
1993,"Calgary, Alberta",2021S0503825,15 years and over,Total - Gender,Total income,Median income (excluding zeros),2024 constant dollars,455,units,0,v107693258,19.1.1.1.5,35900.0,B,,,0
1993,"Edmonton, Alberta",2021S0503835,15 years and over,Total - Gender,Total income,Median income (excluding zeros),2024 constant dollars,455,units,0,v107695058,20.1.1.1.5,37600.0,B,,,0
1993,"Vancouver, British Columbia",2021S0503933,15 years and over,Total - Gender,Total income,Median income (excluding zeros),2024 constant dollars,455,units,0,v107696858,21.1.1.1.5,36900.0,B,,,0
1994,"Québec, Quebec",2021S0503421,15 years and over,Total - Gender,Total income,Median income (excluding zeros),2024 constant dollars,455,units,0,v107684258,14.1.1.1.5,34400.0,C,,,0
1994,"Montréal, Quebec",2021S0503462,15 years and over,Total - Gender,Total income,Median income (excluding zeros),2024 constant dollars,455,units,0,v107686058,15.1.1.1.5,33300.0,B,,,0
1994,"Ottawa-Gatineau, Ontario/Quebec",2021S0503505,15 years and over,Total - Gender,Total income,Median income (excluding zeros),2024 constant dollars,455,units,0,v107687858,16.1.1.1.5,42600.0,B,,,0
1994,"Toronto, Ontario",2021S0503535,15 years and over,Total - Gender,Total income,Median income (excluding zeros),2024 constant dollars,455,units,0,v107689658,17.1.1.1.5,40000.0,B,,,0
1994,"Winnipeg, Manitoba",2021S0503602,15 years and over,Total - Gender,Total income,Median income (excluding zeros),2024 constant dollars,455,units,0,v107691458,18.1.1.1.5,34500.0,B,,,0
1994,"Calgary, Alberta",2021S0503825,15 years and over,Total - Gender,Total income,Median income (excluding zeros),2024 constant dollars,455,units,0,v107693258,19.1.1.1.5,37900.0,B,,,0
1994,"Edmonton, Alberta",2021S0503835,15 years and over,Total - Gender,Total income,Median income (excluding zeros),2024 constant dollars,455,units,0,v107695058,20.1.1.1.5,35000.0,B,,,0
1994,"Vancouver, British Columbia",2021S0503933,15 years and over,Total - Gender,Total income,Median income (excluding zeros),2024 constant dollars,455,units,0,v107696858,21.1.1.1.5,37500.0,B,,,0
1995,"Québec, Quebec",2021S0503421,15 years and over,Total - Gender,Total income,Median income (excluding zeros),2024 constant dollars,455,units,0,v107684258,14.1.1.1.5,38900.0,C,,,0
1995,"Montréal, Quebec",2021S0503462,15 years and over,Total - Gender,Total income,Median income (excluding zeros),2024 constant dollars,455,units,0,v107686058,15.1.1.1.5,32200.0,B,,,0
1995,"Ottawa-Gatineau, Ontario/Quebec",2021S0503505,15 years and over,Total - Gender,Total income,Median income (excluding zeros),2024 constant dollars,455,units,0,v107687858,16.1.1.1.5,42600.0,C,,,0
1995,"Toronto, Ontario",2021S0503535,15 years and over,Total - Gender,Total income,Median income (excluding zeros),2024 constant dollars,455,units,0,v107689658,17.1.1.1.5,41000.0,B,,,0
1995,"Winnipeg, Manitoba",2021S0503602,15 years and over,Total - Gender,Total income,Median income (excluding zeros),2024 constant dollars,455,units,0,v107691458,18.1.1.1.5,36000.0,B,,,0
1995,"Calgary, Alberta",2021S0503825,15 years and over,Total - Gender,Total income,Median income (excluding zeros),2024 constant dollars,455,units,0,v107693258,19.1.1.1.5,37800.0,B,,,0
1995,"Edmonton, Alberta",2021S0503835,15 years and over,Total - Gender,Total income,Median income (excluding zeros),2024 constant dollars,455,units,0,v107695058,20.1.1.1.5,36700.0,B,,,0
1995,"Vancouver, British Columbia",2021S0503933,15 years and over,Total - Gender,Total income,Median income (excluding zeros),2024 constant dollars,455,units,0,v107696858,21.1.1.1.5,38200.0,B,,,0
1996,"Québec, Quebec",2021S0503421,15 years and over,Total - Gender,Total income,Median income (excluding zeros),2024 constant dollars,455,units,0,v107684258,14.1.1.1.5,35300.0,C,,,0
1996,"Montréal, Quebec",2021S0503462,15 years and over,Total - Gender,Total income,Median income (excluding zeros),2024 constant dollars,455,units,0,v107686058,15.1.1.1.5,31800.0,B,,,0
1996,"Ottawa-Gatineau, Ontario/Quebec",2021S0503505,15 years and over,Total - Gender,Total income,Median income (excluding zeros),2024 constant dollars,455,units,0,v107687858,16.1.1.1.5,38000.0,B,,,0
1996,"Toronto, Ontario",2021S0503535,15 years and over,Total - Gender,Total income,Median income (excluding zeros),2024 constant dollars,455,units,0,v107689658,17.1.1.1.5,39800.0,A,,,0
1996,"Winnipeg, Manitoba",2021S0503602,15 years and over,Total - Gender,Total income,Median income (excluding zeros),2024 constant dollars,455,units,0,v107691458,18.1.1.1.5,35500.0,A,,,0
1996,"Calgary, Alberta",2021S0503825,15 years and over,Total - Gender,Total income,Median income (excluding zeros),2024 constant dollars,455,units,0,v107693258,19.1.1.1.5,36600.0,B,,,0
1996,"Edmonton, Alberta",2021S0503835,15 years and over,Total - Gender,Total income,Median income (excluding zeros),2024 constant dollars,455,units,0,v107695058,20.1.1.1.5,36200.0,B,,,0
1996,"Vancouver, British Columbia",2021S0503933,15 years and over,Total - Gender,Total income,Median income (excluding zeros),2024 constant dollars,455,units,0,v107696858,21.1.1.1.5,36200.0,B,,,0
1997,"Québec, Quebec",2021S0503421,15 years and over,Total - Gender,Total income,Median income (excluding zeros),2024 constant dollars,455,units,0,v107684258,14.1.1.1.5,35700.0,C,,,0
1997,"Montréal, Quebec",2021S0503462,15 years and over,Total - Gender,Total income,Median income (excluding zeros),2024 constant dollars,455,units,0,v107686058,15.1.1.1.5,32300.0,A,,,0
1997,"Ottawa-Gatineau, Ontario/Quebec",2021S0503505,15 years and over,Total - Gender,Total income,Median income (excluding zeros),2024 constant dollars,455,units,0,v107687858,16.1.1.1.5,38900.0,B,,,0
1997,"Toronto, Ontario",2021S0503535,15 years and over,Total - Gender,Total income,Median income (excluding zeros),2024 constant dollars,455,units,0,v107689658,17.1.1.1.5,38400.0,A,,,0
1997,"Winnipeg, Manitoba",2021S0503602,15 years and over,Total - Gender,Total income,Median income (excluding zeros),2024 constant dollars,455,units,0,v107691458,18.1.1.1.5,34500.0,A,,,0
1997,"Calgary, Alberta",2021S0503825,15 years and over,Total - Gender,Total income,Median income (excluding zeros),2024 constant dollars,455,units,0,v107693258,19.1.1.1.5,38400.0,B,,,0
1997,"Edmonton, Alberta",2021S0503835,15 years and over,Total - Gender,Total income,Median income (excluding zeros),2024 constant dollars,455,units,0,v107695058,20.1.1.1.5,37900.0,B,,,0
1997,"Vancouver, British Columbia",2021S0503933,15 years and over,Total - Gender,Total income,Median income (excluding zeros),2024 constant dollars,455,units,0,v107696858,21.1.1.1.5,37200.0,B,,,0
1998,"Québec, Quebec",2021S0503421,15 years and over,Total - Gender,Total income,Median income (excluding zeros),2024 constant dollars,455,units,0,v107684258,14.1.1.1.5,36400.0,C,,,0
1998,"Montréal, Quebec",2021S0503462,15 years and over,Total - Gender,Total income,Median income (excluding zeros),2024 constant dollars,455,units,0,v107686058,15.1.1.1.5,32200.0,B,,,0
1998,"Ottawa-Gatineau, Ontario/Quebec",2021S0503505,15 years and over,Total - Gender,Total income,Median income (excluding zeros),2024 constant dollars,455,units,0,v107687858,16.1.1.1.5,41700.0,C,,,0
1998,"Toronto, Ontario",2021S0503535,15 years and over,Total - Gender,Total income,Median income (excluding zeros),2024 constant dollars,455,units,0,v107689658,17.1.1.1.5,39300.0,B,,,0
1998,"Winnipeg, Manitoba",2021S0503602,15 years and over,Total - Gender,Total income,Median income (excluding zeros),2024 constant dollars,455,units,0,v107691458,18.1.1.1.5,36500.0,B,,,0
1998,"Calgary, Alberta",2021S0503825,15 years and over,Total - Gender,Total income,Median income (excluding zeros),2024 constant dollars,455,units,0,v107693258,19.1.1.1.5,40500.0,C,,,0
1998,"Edmonton, Alberta",2021S0503835,15 years and over,Total - Gender,Total income,Median income (excluding zeros),2024 constant dollars,455,units,0,v107695058,20.1.1.1.5,37700.0,C,,,0
1998,"Vancouver, British Columbia",2021S0503933,15 years and over,Total - Gender,Total income,Median income (excluding zeros),2024 constant dollars,455,units,0,v107696858,21.1.1.1.5,37700.0,C,,,0
1999,"Québec, Quebec",2021S0503421,15 years and over,Total - Gender,Total income,Median income (excluding zeros),2024 constant dollars,455,units,0,v107684258,14.1.1.1.5,37000.0,C,,,0
1999,"Montréal, Quebec",2021S0503462,15 years and over,Total - Gender,Total income,Median income (excluding zeros),2024 constant dollars,455,units,0,v107686058,15.1.1.1.5,34600.0,B,,,0
1999,"Ottawa-Gatineau, Ontario/Quebec",2021S0503505,15 years and over,Total - Gender,Total income,Median income (excluding zeros),2024 constant dollars,455,units,0,v107687858,16.1.1.1.5,42700.0,C,,,0
1999,"Toronto, Ontario",2021S0503535,15 years and over,Total - Gender,Total income,Median income (excluding zeros),2024 constant dollars,455,units,0,v107689658,17.1.1.1.5,41800.0,B,,,0
1999,"Winnipeg, Manitoba",2021S0503602,15 years and over,Total - Gender,Total income,Median income (excluding zeros),2024 constant dollars,455,units,0,v107691458,18.1.1.1.5,37900.0,A,,,0
1999,"Calgary, Alberta",2021S0503825,15 years and over,Total - Gender,Total income,Median income (excluding zeros),2024 constant dollars,455,units,0,v107693258,19.1.1.1.5,40300.0,C,,,0
1999,"Edmonton, Alberta",2021S0503835,15 years and over,Total - Gender,Total income,Median income (excluding zeros),2024 constant dollars,455,units,0,v107695058,20.1.1.1.5,37900.0,B,,,0
1999,"Vancouver, British Columbia",2021S0503933,15 years and over,Total - Gender,Total income,Median income (excluding zeros),2024 constant dollars,455,units,0,v107696858,21.1.1.1.5,36200.0,B,,,0
2000,"Québec, Quebec",2021S0503421,15 years and over,Total - Gender,Total income,Median income (excluding zeros),2024 constant dollars,455,units,0,v107684258,14.1.1.1.5,37100.0,C,,,0
2000,"Montréal, Quebec",2021S0503462,15 years and over,Total - Gender,Total income,Median income (excluding zeros),2024 constant dollars,455,units,0,v107686058,15.1.1.1.5,35700.0,B,,,0
2000,"Ottawa-Gatineau, Ontario/Quebec",2021S0503505,15 years and over,Total - Gender,Total income,Median income (excluding zeros),2024 constant dollars,455,units,0,v107687858,16.1.1.1.5,43900.0,B,,,0
2000,"Toronto, Ontario",2021S0503535,15 years and over,Total - Gender,Total income,Median income (excluding zeros),2024 constant dollars,455,units,0,v107689658,17.1.1.1.5,43000.0,B,,,0
2000,"Winnipeg, Manitoba",2021S0503602,15 years and over,Total - Gender,Total income,Median income (excluding zeros),2024 constant dollars,455,units,0,v107691458,18.1.1.1.5,37500.0,B,,,0
2000,"Calgary, Alberta",2021S0503825,15 years and over,Total - Gender,Total income,Median income (excluding zeros),2024 constant dollars,455,units,0,v107693258,19.1.1.1.5,42400.0,B,,,0
2000,"Edmonton, Alberta",2021S0503835,15 years and over,Total - Gender,Total income,Median income (excluding zeros),2024 constant dollars,455,units,0,v107695058,20.1.1.1.5,39500.0,B,,,0
2000,"Vancouver, British Columbia",2021S0503933,15 years and over,Total - Gender,Total income,Median income (excluding zeros),2024 constant dollars,455,units,0,v107696858,21.1.1.1.5,36100.0,C,,,0
2001,"Québec, Quebec",2021S0503421,15 years and over,Total - Gender,Total income,Median income (excluding zeros),2024 constant dollars,455,units,0,v107684258,14.1.1.1.5,35900.0,C,,,0
2001,"Montréal, Quebec",2021S0503462,15 years and over,Total - Gender,Total income,Median income (excluding zeros),2024 constant dollars,455,units,0,v107686058,15.1.1.1.5,36600.0,A,,,0
2001,"Ottawa-Gatineau, Ontario/Quebec",2021S0503505,15 years and over,Total - Gender,Total income,Median income (excluding zeros),2024 constant dollars,455,units,0,v107687858,16.1.1.1.5,45700.0,B,,,0
2001,"Toronto, Ontario",2021S0503535,15 years and over,Total - Gender,Total income,Median income (excluding zeros),2024 constant dollars,455,units,0,v107689658,17.1.1.1.5,43600.0,B,,,0
2001,"Winnipeg, Manitoba",2021S0503602,15 years and over,Total - Gender,Total income,Median income (excluding zeros),2024 constant dollars,455,units,0,v107691458,18.1.1.1.5,39100.0,A,,,0
2001,"Calgary, Alberta",2021S0503825,15 years and over,Total - Gender,Total income,Median income (excluding zeros),2024 constant dollars,455,units,0,v107693258,19.1.1.1.5,45000.0,B,,,0
2001,"Edmonton, Alberta",2021S0503835,15 years and over,Total - Gender,Total income,Median income (excluding zeros),2024 constant dollars,455,units,0,v107695058,20.1.1.1.5,41100.0,C,,,0
2001,"Vancouver, British Columbia",2021S0503933,15 years and over,Total - Gender,Total income,Median income (excluding zeros),2024 constant dollars,455,units,0,v107696858,21.1.1.1.5,36400.0,B,,,0
2002,"Québec, Quebec",2021S0503421,15 years and over,Total - Gender,Total income,Median income (excluding zeros),2024 constant dollars,455,units,0,v107684258,14.1.1.1.5,37800.0,B,,,0
2002,"Montréal, Quebec",2021S0503462,15 years and over,Total - Gender,Total income,Median income (excluding zeros),2024 constant dollars,455,units,0,v107686058,15.1.1.1.5,38400.0,B,,,0
2002,"Ottawa-Gatineau, Ontario/Quebec",2021S0503505,15 years and over,Total - Gender,Total income,Median income (excluding zeros),2024 constant dollars,455,units,0,v107687858,16.1.1.1.5,47100.0,C,,,0
2002,"Toronto, Ontario",2021S0503535,15 years and over,Total - Gender,Total income,Median income (excluding zeros),2024 constant dollars,455,units,0,v107689658,17.1.1.1.5,41500.0,B,,,0
2002,"Winnipeg, Manitoba",2021S0503602,15 years and over,Total - Gender,Total income,Median income (excluding zeros),2024 constant dollars,455,units,0,v107691458,18.1.1.1.5,38400.0,B,,,0
2002,"Calgary, Alberta",2021S0503825,15 years and over,Total - Gender,Total income,Median income (excluding zeros),2024 constant dollars,455,units,0,v107693258,19.1.1.1.5,44100.0,B,,,0
2002,"Edmonton, Alberta",2021S0503835,15 years and over,Total - Gender,Total income,Median income (excluding zeros),2024 constant dollars,455,units,0,v107695058,20.1.1.1.5,40100.0,C,,,0
2002,"Vancouver, British Columbia",2021S0503933,15 years and over,Total - Gender,Total income,Median income (excluding zeros),2024 constant dollars,455,units,0,v107696858,21.1.1.1.5,35100.0,B,,,0
2003,"Québec, Quebec",2021S0503421,15 years and over,Total - Gender,Total income,Median income (excluding zeros),2024 constant dollars,455,units,0,v107684258,14.1.1.1.5,39200.0,C,,,0
2003,"Montréal, Quebec",2021S0503462,15 years and over,Total - Gender,Total income,Median income (excluding zeros),2024 constant dollars,455,units,0,v107686058,15.1.1.1.5,38300.0,B,,,0
2003,"Ottawa-Gatineau, Ontario/Quebec",2021S0503505,15 years and over,Total - Gender,Total income,Median income (excluding zeros),2024 constant dollars,455,units,0,v107687858,16.1.1.1.5,47100.0,C,,,0
2003,"Toronto, Ontario",2021S0503535,15 years and over,Total - Gender,Total income,Median income (excluding zeros),2024 constant dollars,455,units,0,v107689658,17.1.1.1.5,40100.0,B,,,0
2003,"Winnipeg, Manitoba",2021S0503602,15 years and over,Total - Gender,Total income,Median income (excluding zeros),2024 constant dollars,455,units,0,v107691458,18.1.1.1.5,38700.0,B,,,0
2003,"Calgary, Alberta",2021S0503825,15 years and over,Total - Gender,Total income,Median income (excluding zeros),2024 constant dollars,455,units,0,v107693258,19.1.1.1.5,41300.0,C,,,0
2003,"Edmonton, Alberta",2021S0503835,15 years and over,Total - Gender,Total income,Median income (excluding zeros),2024 constant dollars,455,units,0,v107695058,20.1.1.1.5,42100.0,B,,,0
2003,"Vancouver, British Columbia",2021S0503933,15 years and over,Total - Gender,Total income,Median income (excluding zeros),2024 constant dollars,455,units,0,v107696858,21.1.1.1.5,35100.0,B,,,0
2004,"Québec, Quebec",2021S0503421,15 years and over,Total - Gender,Total income,Median income (excluding zeros),2024 constant dollars,455,units,0,v107684258,14.1.1.1.5,40600.0,C,,,0
2004,"Montréal, Quebec",2021S0503462,15 years and over,Total - Gender,Total income,Median income (excluding zeros),2024 constant dollars,455,units,0,v107686058,15.1.1.1.5,39200.0,A,,,0
2004,"Ottawa-Gatineau, Ontario/Quebec",2021S0503505,15 years and over,Total - Gender,Total income,Median income (excluding zeros),2024 constant dollars,455,units,0,v107687858,16.1.1.1.5,46500.0,C,,,0
2004,"Toronto, Ontario",2021S0503535,15 years and over,Total - Gender,Total income,Median income (excluding zeros),2024 constant dollars,455,units,0,v107689658,17.1.1.1.5,39200.0,B,,,0
2004,"Winnipeg, Manitoba",2021S0503602,15 years and over,Total - Gender,Total income,Median income (excluding zeros),2024 constant dollars,455,units,0,v107691458,18.1.1.1.5,39000.0,B,,,0
2004,"Calgary, Alberta",2021S0503825,15 years and over,Total - Gender,Total income,Median income (excluding zeros),2024 constant dollars,455,units,0,v107693258,19.1.1.1.5,46100.0,B,,,0
2004,"Edmonton, Alberta",2021S0503835,15 years and over,Total - Gender,Total income,Median income (excluding zeros),2024 constant dollars,455,units,0,v107695058,20.1.1.1.5,43000.0,B,,,0
2004,"Vancouver, British Columbia",2021S0503933,15 years and over,Total - Gender,Total income,Median income (excluding zeros),2024 constant dollars,455,units,0,v107696858,21.1.1.1.5,34500.0,B,,,0
2005,"Québec, Quebec",2021S0503421,15 years and over,Total - Gender,Total income,Median income (excluding zeros),2024 constant dollars,455,units,0,v107684258,14.1.1.1.5,39000.0,B,,,0
2005,"Montréal, Quebec",2021S0503462,15 years and over,Total - Gender,Total income,Median income (excluding zeros),2024 constant dollars,455,units,0,v107686058,15.1.1.1.5,38200.0,B,,,0
2005,"Ottawa-Gatineau, Ontario/Quebec",2021S0503505,15 years and over,Total - Gender,Total income,Median income (excluding zeros),2024 constant dollars,455,units,0,v107687858,16.1.1.1.5,47500.0,C,,,0
2005,"Toronto, Ontario",2021S0503535,15 years and over,Total - Gender,Total income,Median income (excluding zeros),2024 constant dollars,455,units,0,v107689658,17.1.1.1.5,38600.0,B,,,0
2005,"Winnipeg, Manitoba",2021S0503602,15 years and over,Total - Gender,Total income,Median income (excluding zeros),2024 constant dollars,455,units,0,v107691458,18.1.1.1.5,38500.0,B,,,0
2005,"Calgary, Alberta",2021S0503825,15 years and over,Total - Gender,Total income,Median income (excluding zeros),2024 constant dollars,455,units,0,v107693258,19.1.1.1.5,45800.0,B,,,0
2005,"Edmonton, Alberta",2021S0503835,15 years and over,Total - Gender,Total income,Median income (excluding zeros),2024 constant dollars,455,units,0,v107695058,20.1.1.1.5,45000.0,B,,,0
2005,"Vancouver, British Columbia",2021S0503933,15 years and over,Total - Gender,Total income,Median income (excluding zeros),2024 constant dollars,455,units,0,v107696858,21.1.1.1.5,36200.0,B,,,0
2006,"Québec, Quebec",2021S0503421,15 years and over,Total - Gender,Total income,Median income (excluding zeros),2024 constant dollars,455,units,0,v107684258,14.1.1.1.5,42500.0,B,,,0
2006,"Montréal, Quebec",2021S0503462,15 years and over,Total - Gender,Total income,Median income (excluding zeros),2024 constant dollars,455,units,0,v107686058,15.1.1.1.5,36900.0,B,,,0
2006,"Ottawa-Gatineau, Ontario/Quebec",2021S0503505,15 years and over,Total - Gender,Total income,Median income (excluding zeros),2024 constant dollars,455,units,0,v107687858,16.1.1.1.5,48200.0,C,,,0
2006,"Toronto, Ontario",2021S0503535,15 years and over,Total - Gender,Total income,Median income (excluding zeros),2024 constant dollars,455,units,0,v107689658,17.1.1.1.5,37300.0,B,,,0
2006,"Winnipeg, Manitoba",2021S0503602,15 years and over,Total - Gender,Total income,Median income (excluding zeros),2024 constant dollars,455,units,0,v107691458,18.1.1.1.5,39000.0,B,,,0
2006,"Calgary, Alberta",2021S0503825,15 years and over,Total - Gender,Total income,Median income (excluding zeros),2024 constant dollars,455,units,0,v107693258,19.1.1.1.5,46400.0,B,,,0
2006,"Edmonton, Alberta",2021S0503835,15 years and over,Total - Gender,Total income,Median income (excluding zeros),2024 constant dollars,455,units,0,v107695058,20.1.1.1.5,46300.0,B,,,0
2006,"Vancouver, British Columbia",2021S0503933,15 years and over,Total - Gender,Total income,Median income (excluding zeros),2024 constant dollars,455,units,0,v107696858,21.1.1.1.5,36900.0,B,,,0
2007,"Québec, Quebec",2021S0503421,15 years and over,Total - Gender,Total income,Median income (excluding zeros),2024 constant dollars,455,units,0,v107684258,14.1.1.1.5,43200.0,B,,,0
2007,"Montréal, Quebec",2021S0503462,15 years and over,Total - Gender,Total income,Median income (excluding zeros),2024 constant dollars,455,units,0,v107686058,15.1.1.1.5,37600.0,B,,,0
2007,"Ottawa-Gatineau, Ontario/Quebec",2021S0503505,15 years and over,Total - Gender,Total income,Median income (excluding zeros),2024 constant dollars,455,units,0,v107687858,16.1.1.1.5,52600.0,B,,,0
2007,"Toronto, Ontario",2021S0503535,15 years and over,Total - Gender,Total income,Median income (excluding zeros),2024 constant dollars,455,units,0,v107689658,17.1.1.1.5,37600.0,B,,,0
2007,"Winnipeg, Manitoba",2021S0503602,15 years and over,Total - Gender,Total income,Median income (excluding zeros),2024 constant dollars,455,units,0,v107691458,18.1.1.1.5,39400.0,B,,,0
2007,"Calgary, Alberta",2021S0503825,15 years and over,Total - Gender,Total income,Median income (excluding zeros),2024 constant dollars,455,units,0,v107693258,19.1.1.1.5,48900.0,C,,,0
2007,"Edmonton, Alberta",2021S0503835,15 years and over,Total - Gender,Total income,Median income (excluding zeros),2024 constant dollars,455,units,0,v107695058,20.1.1.1.5,50500.0,B,,,0
2007,"Vancouver, British Columbia",2021S0503933,15 years and over,Total - Gender,Total income,Median income (excluding zeros),2024 constant dollars,455,units,0,v107696858,21.1.1.1.5,38300.0,B,,,0
2008,"Québec, Quebec",2021S0503421,15 years and over,Total - Gender,Total income,Median income (excluding zeros),2024 constant dollars,455,units,0,v107684258,14.1.1.1.5,45300.0,C,,,0
2008,"Montréal, Quebec",2021S0503462,15 years and over,Total - Gender,Total income,Median income (excluding zeros),2024 constant dollars,455,units,0,v107686058,15.1.1.1.5,37700.0,B,,,0
2008,"Ottawa-Gatineau, Ontario/Quebec",2021S0503505,15 years and over,Total - Gender,Total income,Median income (excluding zeros),2024 constant dollars,455,units,0,v107687858,16.1.1.1.5,51000.0,D,,,0
2008,"Toronto, Ontario",2021S0503535,15 years and over,Total - Gender,Total income,Median income (excluding zeros),2024 constant dollars,455,units,0,v107689658,17.1.1.1.5,38300.0,B,,,0
2008,"Winnipeg, Manitoba",2021S0503602,15 years and over,Total - Gender,Total income,Median income (excluding zeros),2024 constant dollars,455,units,0,v107691458,18.1.1.1.5,41600.0,B,,,0
2008,"Calgary, Alberta",2021S0503825,15 years and over,Total - Gender,Total income,Median income (excluding zeros),2024 constant dollars,455,units,0,v107693258,19.1.1.1.5,50100.0,C,,,0
2008,"Edmonton, Alberta",2021S0503835,15 years and over,Total - Gender,Total income,Median income (excluding zeros),2024 constant dollars,455,units,0,v107695058,20.1.1.1.5,48500.0,C,,,0
2008,"Vancouver, British Columbia",2021S0503933,15 years and over,Total - Gender,Total income,Median income (excluding zeros),2024 constant dollars,455,units,0,v107696858,21.1.1.1.5,37100.0,B,,,0
2009,"Québec, Quebec",2021S0503421,15 years and over,Total - Gender,Total income,Median income (excluding zeros),2024 constant dollars,455,units,0,v107684258,14.1.1.1.5,47300.0,B,,,0
2009,"Montréal, Quebec",2021S0503462,15 years and over,Total - Gender,Total income,Median income (excluding zeros),2024 constant dollars,455,units,0,v107686058,15.1.1.1.5,38400.0,B,,,0
2009,"Ottawa-Gatineau, Ontario/Quebec",2021S0503505,15 years and over,Total - Gender,Total income,Median income (excluding zeros),2024 constant dollars,455,units,0,v107687858,16.1.1.1.5,52200.0,D,,,0
2009,"Toronto, Ontario",2021S0503535,15 years and over,Total - Gender,Total income,Median income (excluding zeros),2024 constant dollars,455,units,0,v107689658,17.1.1.1.5,38000.0,B,,,0
2009,"Winnipeg, Manitoba",2021S0503602,15 years and over,Total - Gender,Total income,Median income (excluding zeros),2024 constant dollars,455,units,0,v107691458,18.1.1.1.5,42500.0,B,,,0
2009,"Calgary, Alberta",2021S0503825,15 years and over,Total - Gender,Total income,Median income (excluding zeros),2024 constant dollars,455,units,0,v107693258,19.1.1.1.5,49900.0,B,,,0
2009,"Edmonton, Alberta",2021S0503835,15 years and over,Total - Gender,Total income,Median income (excluding zeros),2024 constant dollars,455,units,0,v107695058,20.1.1.1.5,50300.0,C,,,0
2009,"Vancouver, British Columbia",2021S0503933,15 years and over,Total - Gender,Total income,Median income (excluding zeros),2024 constant dollars,455,units,0,v107696858,21.1.1.1.5,37600.0,B,,,0
2010,"Québec, Quebec",2021S0503421,15 years and over,Total - Gender,Total income,Median income (excluding zeros),2024 constant dollars,455,units,0,v107684258,14.1.1.1.5,47400.0,C,,,0
2010,"Montréal, Quebec",2021S0503462,15 years and over,Total - Gender,Total income,Median income (excluding zeros),2024 constant dollars,455,units,0,v107686058,15.1.1.1.5,37900.0,B,,,0
2010,"Ottawa-Gatineau, Ontario/Quebec",2021S0503505,15 years and over,Total - Gender,Total income,Median income (excluding zeros),2024 constant dollars,455,units,0,v107687858,16.1.1.1.5,53100.0,C,,,0
2010,"Toronto, Ontario",2021S0503535,15 years and over,Total - Gender,Total income,Median income (excluding zeros),2024 constant dollars,455,units,0,v107689658,17.1.1.1.5,37300.0,B,,,0
2010,"Winnipeg, Manitoba",2021S0503602,15 years and over,Total - Gender,Total income,Median income (excluding zeros),2024 constant dollars,455,units,0,v107691458,18.1.1.1.5,41000.0,B,,,0
2010,"Calgary, Alberta",2021S0503825,15 years and over,Total - Gender,Total income,Median income (excluding zeros),2024 constant dollars,455,units,0,v107693258,19.1.1.1.5,49200.0,C,,,0
2010,"Edmonton, Alberta",2021S0503835,15 years and over,Total - Gender,Total income,Median income (excluding zeros),2024 constant dollars,455,units,0,v107695058,20.1.1.1.5,49400.0,C,,,0
2010,"Vancouver, British Columbia",2021S0503933,15 years and over,Total - Gender,Total income,Median income (excluding zeros),2024 constant dollars,455,units,0,v107696858,21.1.1.1.5,35800.0,C,,,0
2011,"Québec, Quebec",2021S0503421,15 years and over,Total - Gender,Total income,Median income (excluding zeros),2024 constant dollars,455,units,0,v107684258,14.1.1.1.5,46000.0,C,,,0
2011,"Montréal, Quebec",2021S0503462,15 years and over,Total - Gender,Total income,Median income (excluding zeros),2024 constant dollars,455,units,0,v107686058,15.1.1.1.5,37600.0,B,,,0
2011,"Ottawa-Gatineau, Ontario/Quebec",2021S0503505,15 years and over,Total - Gender,Total income,Median income (excluding zeros),2024 constant dollars,455,units,0,v107687858,16.1.1.1.5,54700.0,C,,,0
2011,"Toronto, Ontario",2021S0503535,15 years and over,Total - Gender,Total income,Median income (excluding zeros),2024 constant dollars,455,units,0,v107689658,17.1.1.1.5,36100.0,C,,,0
2011,"Winnipeg, Manitoba",2021S0503602,15 years and over,Total - Gender,Total income,Median income (excluding zeros),2024 constant dollars,455,units,0,v107691458,18.1.1.1.5,42100.0,A,,,0
2011,"Calgary, Alberta",2021S0503825,15 years and over,Total - Gender,Total income,Median income (excluding zeros),2024 constant dollars,455,units,0,v107693258,19.1.1.1.5,51600.0,B,,,0
2011,"Edmonton, Alberta",2021S0503835,15 years and over,Total - Gender,Total income,Median income (excluding zeros),2024 constant dollars,455,units,0,v107695058,20.1.1.1.5,49700.0,C,,,0
2011,"Vancouver, British Columbia",2021S0503933,15 years and over,Total - Gender,Total income,Median income (excluding zeros),2024 constant dollars,455,units,0,v107696858,21.1.1.1.5,38400.0,B,,,0
2012,"Québec, Quebec",2021S0503421,15 years and over,Total - Gender,Total income,Median income (excluding zeros),2024 constant dollars,455,units,0,v107684258,14.1.1.1.5,44100.0,C,,,0
2012,"Montréal, Quebec",2021S0503462,15 years and over,Total - Gender,Total income,Median income (excluding zeros),2024 constant dollars,455,units,0,v107686058,15.1.1.1.5,38700.0,B,,,0
2012,"Ottawa-Gatineau, Ontario/Quebec",2021S0503505,15 years and over,Total - Gender,Total income,Median income (excluding zeros),2024 constant dollars,455,units,0,v107687858,16.1.1.1.5,50500.0,C,,,0
2012,"Toronto, Ontario",2021S0503535,15 years and over,Total - Gender,Total income,Median income (excluding zeros),2024 constant dollars,455,units,0,v107689658,17.1.1.1.5,38800.0,B,,,0
2012,"Winnipeg, Manitoba",2021S0503602,15 years and over,Total - Gender,Total income,Median income (excluding zeros),2024 constant dollars,455,units,0,v107691458,18.1.1.1.5,40900.0,B,,,0
2012,"Calgary, Alberta",2021S0503825,15 years and over,Total - Gender,Total income,Median income (excluding zeros),2024 constant dollars,455,units,0,v107693258,19.1.1.1.5,52700.0,B,,,0
2012,"Edmonton, Alberta",2021S0503835,15 years and over,Total - Gender,Total income,Median income (excluding zeros),2024 constant dollars,455,units,0,v107695058,20.1.1.1.5,52100.0,C,,,0
2012,"Vancouver, British Columbia",2021S0503933,15 years and over,Total - Gender,Total income,Median income (excluding zeros),2024 constant dollars,455,units,0,v107696858,21.1.1.1.5,39000.0,B,,,0
2013,"Québec, Quebec",2021S0503421,15 years and over,Total - Gender,Total income,Median income (excluding zeros),2024 constant dollars,455,units,0,v107684258,14.1.1.1.5,50300.0,C,,,0
2013,"Montréal, Quebec",2021S0503462,15 years and over,Total - Gender,Total income,Median income (excluding zeros),2024 constant dollars,455,units,0,v107686058,15.1.1.1.5,40200.0,B,,,0
2013,"Ottawa-Gatineau, Ontario/Quebec",2021S0503505,15 years and over,Total - Gender,Total income,Median income (excluding zeros),2024 constant dollars,455,units,0,v107687858,16.1.1.1.5,51700.0,B,,,0
2013,"Toronto, Ontario",2021S0503535,15 years and over,Total - Gender,Total income,Median income (excluding zeros),2024 constant dollars,455,units,0,v107689658,17.1.1.1.5,38300.0,B,,,0
2013,"Winnipeg, Manitoba",2021S0503602,15 years and over,Total - Gender,Total income,Median income (excluding zeros),2024 constant dollars,455,units,0,v107691458,18.1.1.1.5,42900.0,A,,,0
2013,"Calgary, Alberta",2021S0503825,15 years and over,Total - Gender,Total income,Median income (excluding zeros),2024 constant dollars,455,units,0,v107693258,19.1.1.1.5,54000.0,C,,,0
2013,"Edmonton, Alberta",2021S0503835,15 years and over,Total - Gender,Total income,Median income (excluding zeros),2024 constant dollars,455,units,0,v107695058,20.1.1.1.5,53100.0,C,,,0
2013,"Vancouver, British Columbia",2021S0503933,15 years and over,Total - Gender,Total income,Median income (excluding zeros),2024 constant dollars,455,units,0,v107696858,21.1.1.1.5,39000.0,B,,,0
2014,"Québec, Quebec",2021S0503421,15 years and over,Total - Gender,Total income,Median income (excluding zeros),2024 constant dollars,455,units,0,v107684258,14.1.1.1.5,45300.0,C,,,0
2014,"Montréal, Quebec",2021S0503462,15 years and over,Total - Gender,Total income,Median income (excluding zeros),2024 constant dollars,455,units,0,v107686058,15.1.1.1.5,41600.0,B,,,0
2014,"Ottawa-Gatineau, Ontario/Quebec",2021S0503505,15 years and over,Total - Gender,Total income,Median income (excluding zeros),2024 constant dollars,455,units,0,v107687858,16.1.1.1.5,48100.0,C,,,0
2014,"Toronto, Ontario",2021S0503535,15 years and over,Total - Gender,Total income,Median income (excluding zeros),2024 constant dollars,455,units,0,v107689658,17.1.1.1.5,39400.0,C,,,0
2014,"Winnipeg, Manitoba",2021S0503602,15 years and over,Total - Gender,Total income,Median income (excluding zeros),2024 constant dollars,455,units,0,v107691458,18.1.1.1.5,43300.0,B,,,0
2014,"Calgary, Alberta",2021S0503825,15 years and over,Total - Gender,Total income,Median income (excluding zeros),2024 constant dollars,455,units,0,v107693258,19.1.1.1.5,57800.0,B,,,0
2014,"Edmonton, Alberta",2021S0503835,15 years and over,Total - Gender,Total income,Median income (excluding zeros),2024 constant dollars,455,units,0,v107695058,20.1.1.1.5,52400.0,C,,,0
2014,"Vancouver, British Columbia",2021S0503933,15 years and over,Total - Gender,Total income,Median income (excluding zeros),2024 constant dollars,455,units,0,v107696858,21.1.1.1.5,40200.0,B,,,0
2015,"Québec, Quebec",2021S0503421,15 years and over,Total - Gender,Total income,Median income (excluding zeros),2024 constant dollars,455,units,0,v107684258,14.1.1.1.5,47300.0,B,,,0
2015,"Montréal, Quebec",2021S0503462,15 years and over,Total - Gender,Total income,Median income (excluding zeros),2024 constant dollars,455,units,0,v107686058,15.1.1.1.5,38900.0,B,,,0
2015,"Ottawa-Gatineau, Ontario/Quebec",2021S0503505,15 years and over,Total - Gender,Total income,Median income (excluding zeros),2024 constant dollars,455,units,0,v107687858,16.1.1.1.5,49000.0,C,,,0
2015,"Toronto, Ontario",2021S0503535,15 years and over,Total - Gender,Total income,Median income (excluding zeros),2024 constant dollars,455,units,0,v107689658,17.1.1.1.5,37900.0,B,,,0
2015,"Winnipeg, Manitoba",2021S0503602,15 years and over,Total - Gender,Total income,Median income (excluding zeros),2024 constant dollars,455,units,0,v107691458,18.1.1.1.5,43400.0,B,,,0
2015,"Calgary, Alberta",2021S0503825,15 years and over,Total - Gender,Total income,Median income (excluding zeros),2024 constant dollars,455,units,0,v107693258,19.1.1.1.5,49800.0,C,,,0
2015,"Edmonton, Alberta",2021S0503835,15 years and over,Total - Gender,Total income,Median income (excluding zeros),2024 constant dollars,455,units,0,v107695058,20.1.1.1.5,55200.0,B,,,0
2015,"Vancouver, British Columbia",2021S0503933,15 years and over,Total - Gender,Total income,Median income (excluding zeros),2024 constant dollars,455,units,0,v107696858,21.1.1.1.5,40000.0,C,,,0
2016,"Québec, Quebec",2021S0503421,15 years and over,Total - Gender,Total income,Median income (excluding zeros),2024 constant dollars,455,units,0,v107684258,14.1.1.1.5,47500.0,B,,,0
2016,"Montréal, Quebec",2021S0503462,15 years and over,Total - Gender,Total income,Median income (excluding zeros),2024 constant dollars,455,units,0,v107686058,15.1.1.1.5,39900.0,B,,,0
2016,"Ottawa-Gatineau, Ontario/Quebec",2021S0503505,15 years and over,Total - Gender,Total income,Median income (excluding zeros),2024 constant dollars,455,units,0,v107687858,16.1.1.1.5,52200.0,C,,,0
2016,"Toronto, Ontario",2021S0503535,15 years and over,Total - Gender,Total income,Median income (excluding zeros),2024 constant dollars,455,units,0,v107689658,17.1.1.1.5,39000.0,B,,,0
2016,"Winnipeg, Manitoba",2021S0503602,15 years and over,Total - Gender,Total income,Median income (excluding zeros),2024 constant dollars,455,units,0,v107691458,18.1.1.1.5,42700.0,A,,,0
2016,"Calgary, Alberta",2021S0503825,15 years and over,Total - Gender,Total income,Median income (excluding zeros),2024 constant dollars,455,units,0,v107693258,19.1.1.1.5,49700.0,C,,,0
2016,"Edmonton, Alberta",2021S0503835,15 years and over,Total - Gender,Total income,Median income (excluding zeros),2024 constant dollars,455,units,0,v107695058,20.1.1.1.5,50500.0,C,,,0
2016,"Vancouver, British Columbia",2021S0503933,15 years and over,Total - Gender,Total income,Median income (excluding zeros),2024 constant dollars,455,units,0,v107696858,21.1.1.1.5,41700.0,B,,,0
2017,"Québec, Quebec",2021S0503421,15 years and over,Total - Gender,Total income,Median income (excluding zeros),2024 constant dollars,455,units,0,v107684258,14.1.1.1.5,49500.0,B,,,0
2017,"Montréal, Quebec",2021S0503462,15 years and over,Total - Gender,Total income,Median income (excluding zeros),2024 constant dollars,455,units,0,v107686058,15.1.1.1.5,41300.0,B,,,0
2017,"Ottawa-Gatineau, Ontario/Quebec",2021S0503505,15 years and over,Total - Gender,Total income,Median income (excluding zeros),2024 constant dollars,455,units,0,v107687858,16.1.1.1.5,52000.0,B,,,0
2017,"Toronto, Ontario",2021S0503535,15 years and over,Total - Gender,Total income,Median income (excluding zeros),2024 constant dollars,455,units,0,v107689658,17.1.1.1.5,41600.0,B,,,0
2017,"Winnipeg, Manitoba",2021S0503602,15 years and over,Total - Gender,Total income,Median income (excluding zeros),2024 constant dollars,455,units,0,v107691458,18.1.1.1.5,43700.0,A,,,0
2017,"Calgary, Alberta",2021S0503825,15 years and over,Total - Gender,Total income,Median income (excluding zeros),2024 constant dollars,455,units,0,v107693258,19.1.1.1.5,52400.0,B,,,0
2017,"Edmonton, Alberta",2021S0503835,15 years and over,Total - Gender,Total income,Median income (excluding zeros),2024 constant dollars,455,units,0,v107695058,20.1.1.1.5,51500.0,B,,,0
2017,"Vancouver, British Columbia",2021S0503933,15 years and over,Total - Gender,Total income,Median income (excluding zeros),2024 constant dollars,455,units,0,v107696858,21.1.1.1.5,42500.0,B,,,0
2018,"Québec, Quebec",2021S0503421,15 years and over,Total - Gender,Total income,Median income (excluding zeros),2024 constant dollars,455,units,0,v107684258,14.1.1.1.5,48800.0,B,,,0
2018,"Montréal, Quebec",2021S0503462,15 years and over,Total - Gender,Total income,Median income (excluding zeros),2024 constant dollars,455,units,0,v107686058,15.1.1.1.5,42000.0,A,,,0
2018,"Ottawa-Gatineau, Ontario/Quebec",2021S0503505,15 years and over,Total - Gender,Total income,Median income (excluding zeros),2024 constant dollars,455,units,0,v107687858,16.1.1.1.5,54600.0,B,,,0
2018,"Toronto, Ontario",2021S0503535,15 years and over,Total - Gender,Total income,Median income (excluding zeros),2024 constant dollars,455,units,0,v107689658,17.1.1.1.5,41400.0,B,,,0
2018,"Winnipeg, Manitoba",2021S0503602,15 years and over,Total - Gender,Total income,Median income (excluding zeros),2024 constant dollars,455,units,0,v107691458,18.1.1.1.5,43200.0,A,,,0
2018,"Calgary, Alberta",2021S0503825,15 years and over,Total - Gender,Total income,Median income (excluding zeros),2024 constant dollars,455,units,0,v107693258,19.1.1.1.5,50600.0,B,,,0
2018,"Edmonton, Alberta",2021S0503835,15 years and over,Total - Gender,Total income,Median income (excluding zeros),2024 constant dollars,455,units,0,v107695058,20.1.1.1.5,51700.0,B,,,0
2018,"Vancouver, British Columbia",2021S0503933,15 years and over,Total - Gender,Total income,Median income (excluding zeros),2024 constant dollars,455,units,0,v107696858,21.1.1.1.5,43300.0,B,,,0
2019,"Québec, Quebec",2021S0503421,15 years and over,Total - Gender,Total income,Median income (excluding zeros),2024 constant dollars,455,units,0,v107684258,14.1.1.1.5,50900.0,B,,,0
2019,"Montréal, Quebec",2021S0503462,15 years and over,Total - Gender,Total income,Median income (excluding zeros),2024 constant dollars,455,units,0,v107686058,15.1.1.1.5,43800.0,B,,,0
2019,"Ottawa-Gatineau, Ontario/Quebec",2021S0503505,15 years and over,Total - Gender,Total income,Median income (excluding zeros),2024 constant dollars,455,units,0,v107687858,16.1.1.1.5,54800.0,B,,,0
2019,"Toronto, Ontario",2021S0503535,15 years and over,Total - Gender,Total income,Median income (excluding zeros),2024 constant dollars,455,units,0,v107689658,17.1.1.1.5,41200.0,B,,,0
2019,"Winnipeg, Manitoba",2021S0503602,15 years and over,Total - Gender,Total income,Median income (excluding zeros),2024 constant dollars,455,units,0,v107691458,18.1.1.1.5,44000.0,A,,,0
2019,"Calgary, Alberta",2021S0503825,15 years and over,Total - Gender,Total income,Median income (excluding zeros),2024 constant dollars,455,units,0,v107693258,19.1.1.1.5,52900.0,C,,,0
2019,"Edmonton, Alberta",2021S0503835,15 years and over,Total - Gender,Total income,Median income (excluding zeros),2024 constant dollars,455,units,0,v107695058,20.1.1.1.5,48500.0,B,,,0
2019,"Vancouver, British Columbia",2021S0503933,15 years and over,Total - Gender,Total income,Median income (excluding zeros),2024 constant dollars,455,units,0,v107696858,21.1.1.1.5,44000.0,B,,,0
2020,"Québec, Quebec",2021S0503421,15 years and over,Total - Gender,Total income,Median income (excluding zeros),2024 constant dollars,455,units,0,v107684258,14.1.1.1.5,53600.0,B,,,0
2020,"Montréal, Quebec",2021S0503462,15 years and over,Total - Gender,Total income,Median income (excluding zeros),2024 constant dollars,455,units,0,v107686058,15.1.1.1.5,45800.0,A,,,0
2020,"Ottawa-Gatineau, Ontario/Quebec",2021S0503505,15 years and over,Total - Gender,Total income,Median income (excluding zeros),2024 constant dollars,455,units,0,v107687858,16.1.1.1.5,55400.0,B,,,0
2020,"Toronto, Ontario",2021S0503535,15 years and over,Total - Gender,Total income,Median income (excluding zeros),2024 constant dollars,455,units,0,v107689658,17.1.1.1.5,42800.0,A,,,0
2020,"Winnipeg, Manitoba",2021S0503602,15 years and over,Total - Gender,Total income,Median income (excluding zeros),2024 constant dollars,455,units,0,v107691458,18.1.1.1.5,46200.0,A,,,0
2020,"Calgary, Alberta",2021S0503825,15 years and over,Total - Gender,Total income,Median income (excluding zeros),2024 constant dollars,455,units,0,v107693258,19.1.1.1.5,50700.0,B,,,0
2020,"Edmonton, Alberta",2021S0503835,15 years and over,Total - Gender,Total income,Median income (excluding zeros),2024 constant dollars,455,units,0,v107695058,20.1.1.1.5,52000.0,B,,,0
2020,"Vancouver, British Columbia",2021S0503933,15 years and over,Total - Gender,Total income,Median income (excluding zeros),2024 constant dollars,455,units,0,v107696858,21.1.1.1.5,47000.0,A,,,0
2021,"Québec, Quebec",2021S0503421,15 years and over,Total - Gender,Total income,Median income (excluding zeros),2024 constant dollars,455,units,0,v107684258,14.1.1.1.5,51900.0,B,,,0
2021,"Montréal, Quebec",2021S0503462,15 years and over,Total - Gender,Total income,Median income (excluding zeros),2024 constant dollars,455,units,0,v107686058,15.1.1.1.5,48200.0,A,,,0
2021,"Ottawa-Gatineau, Ontario/Quebec",2021S0503505,15 years and over,Total - Gender,Total income,Median income (excluding zeros),2024 constant dollars,455,units,0,v107687858,16.1.1.1.5,56500.0,B,,,0
2021,"Toronto, Ontario",2021S0503535,15 years and over,Total - Gender,Total income,Median income (excluding zeros),2024 constant dollars,455,units,0,v107689658,17.1.1.1.5,44400.0,B,,,0
2021,"Winnipeg, Manitoba",2021S0503602,15 years and over,Total - Gender,Total income,Median income (excluding zeros),2024 constant dollars,455,units,0,v107691458,18.1.1.1.5,46000.0,A,,,0
2021,"Calgary, Alberta",2021S0503825,15 years and over,Total - Gender,Total income,Median income (excluding zeros),2024 constant dollars,455,units,0,v107693258,19.1.1.1.5,46600.0,B,,,0
2021,"Edmonton, Alberta",2021S0503835,15 years and over,Total - Gender,Total income,Median income (excluding zeros),2024 constant dollars,455,units,0,v107695058,20.1.1.1.5,52200.0,B,,,0
2021,"Vancouver, British Columbia",2021S0503933,15 years and over,Total - Gender,Total income,Median income (excluding zeros),2024 constant dollars,455,units,0,v107696858,21.1.1.1.5,45500.0,B,,,0
2022,"Québec, Quebec",2021S0503421,15 years and over,Total - Gender,Total income,Median income (excluding zeros),2024 constant dollars,455,units,0,v107684258,14.1.1.1.5,53900.0,A,,,0
2022,"Montréal, Quebec",2021S0503462,15 years and over,Total - Gender,Total income,Median income (excluding zeros),2024 constant dollars,455,units,0,v107686058,15.1.1.1.5,46700.0,A,,,0
2022,"Ottawa-Gatineau, Ontario/Quebec",2021S0503505,15 years and over,Total - Gender,Total income,Median income (excluding zeros),2024 constant dollars,455,units,0,v107687858,16.1.1.1.5,52300.0,A,,,0
2022,"Toronto, Ontario",2021S0503535,15 years and over,Total - Gender,Total income,Median income (excluding zeros),2024 constant dollars,455,units,0,v107689658,17.1.1.1.5,44100.0,A,,,0
2022,"Winnipeg, Manitoba",2021S0503602,15 years and over,Total - Gender,Total income,Median income (excluding zeros),2024 constant dollars,455,units,0,v107691458,18.1.1.1.5,44500.0,A,,,0
2022,"Calgary, Alberta",2021S0503825,15 years and over,Total - Gender,Total income,Median income (excluding zeros),2024 constant dollars,455,units,0,v107693258,19.1.1.1.5,51900.0,B,,,0
2022,"Edmonton, Alberta",2021S0503835,15 years and over,Total - Gender,Total income,Median income (excluding zeros),2024 constant dollars,455,units,0,v107695058,20.1.1.1.5,49000.0,B,,,0
2022,"Vancouver, British Columbia",2021S0503933,15 years and over,Total - Gender,Total income,Median income (excluding zeros),2024 constant dollars,455,units,0,v107696858,21.1.1.1.5,46500.0,A,,,0
2023,"Québec, Quebec",2021S0503421,15 years and over,Total - Gender,Total income,Median income (excluding zeros),2024 constant dollars,455,units,0,v107684258,14.1.1.1.5,51100.0,A,,,0
2023,"Montréal, Quebec",2021S0503462,15 years and over,Total - Gender,Total income,Median income (excluding zeros),2024 constant dollars,455,units,0,v107686058,15.1.1.1.5,46500.0,A,,,0
2023,"Ottawa-Gatineau, Ontario/Quebec",2021S0503505,15 years and over,Total - Gender,Total income,Median income (excluding zeros),2024 constant dollars,455,units,0,v107687858,16.1.1.1.5,55400.0,A,,,0
2023,"Toronto, Ontario",2021S0503535,15 years and over,Total - Gender,Total income,Median income (excluding zeros),2024 constant dollars,455,units,0,v107689658,17.1.1.1.5,44500.0,A,,,0
2023,"Winnipeg, Manitoba",2021S0503602,15 years and over,Total - Gender,Total income,Median income (excluding zeros),2024 constant dollars,455,units,0,v107691458,18.1.1.1.5,45700.0,A,,,0
2023,"Calgary, Alberta",2021S0503825,15 years and over,Total - Gender,Total income,Median income (excluding zeros),2024 constant dollars,455,units,0,v107693258,19.1.1.1.5,47900.0,B,,,0
2023,"Edmonton, Alberta",2021S0503835,15 years and over,Total - Gender,Total income,Median income (excluding zeros),2024 constant dollars,455,units,0,v107695058,20.1.1.1.5,50800.0,A,,,0
2023,"Vancouver, British Columbia",2021S0503933,15 years and over,Total - Gender,Total income,Median income (excluding zeros),2024 constant dollars,455,units,0,v107696858,21.1.1.1.5,46900.0,A,,,0
2024,"Québec, Quebec",2021S0503421,15 years and over,Total - Gender,Total income,Median income (excluding zeros),2024 constant dollars,455,units,0,v107684258,14.1.1.1.5,52100.0,A,,,0
2024,"Montréal, Quebec",2021S0503462,15 years and over,Total - Gender,Total income,Median income (excluding zeros),2024 constant dollars,455,units,0,v107686058,15.1.1.1.5,46700.0,A,,,0
2024,"Ottawa-Gatineau, Ontario/Quebec",2021S0503505,15 years and over,Total - Gender,Total income,Median income (excluding zeros),2024 constant dollars,455,units,0,v107687858,16.1.1.1.5,55500.0,A,,,0
2024,"Toronto, Ontario",2021S0503535,15 years and over,Total - Gender,Total income,Median income (excluding zeros),2024 constant dollars,455,units,0,v107689658,17.1.1.1.5,44400.0,A,,,0
2024,"Winnipeg, Manitoba",2021S0503602,15 years and over,Total - Gender,Total income,Median income (excluding zeros),2024 constant dollars,455,units,0,v107691458,18.1.1.1.5,43700.0,A,,,0
2024,"Calgary, Alberta",2021S0503825,15 years and over,Total - Gender,Total income,Median income (excluding zeros),2024 constant dollars,455,units,0,v107693258,19.1.1.1.5,48500.0,B,,,0
2024,"Edmonton, Alberta",2021S0503835,15 years and over,Total - Gender,Total income,Median income (excluding zeros),2024 constant dollars,455,units,0,v107695058,20.1.1.1.5,47300.0,B,,,0
2024,"Vancouver, British Columbia",2021S0503933,15 years and over,Total - Gender,Total income,Median income (excluding zeros),2024 constant dollars,455,units,0,v107696858,21.1.1.1.5,46800.0,A,,,0
